id,title,originalTitle,category,actor,videoLink,filePath
pvctt,Phỏng Vấn Tinh Gia 2004,Phỏng Vấn Tinh Gia 2004,chautinhtri,Châu Tinh Trì,https://helvid.com/play/index/00e1c83f3b75,phimle-master\chautinhtri\pvctt.html
cscb1,Cuộc Sống Công Bằng,Cuộc Sống Công Bằng,chautinhtri,Châu Tinh Trì,https://helvid.com/play/index/c7a2a4807604,phimle-master\chautinhtri\cscb1.html
hauvuong,Hầu Vương – The Monkey King,Hầu Vương,chautinhtri,Châu Tinh Trì,https://helvid.com/play/index/4130f3c457a1,phimle-master\chautinhtri\hauvuong.html
taydukiMoitinhngoaitruyen2,Tây Du - Phục Ma Thiên,Tây Du - Phục Ma Thiên,chautinhtri,Châu Tinh Trì,https://helvid.com/play/index/2ea134250009,phimle-master\chautinhtri\taydukiMoitinhngoaitruyen2.html
mynhanngu,Mỹ Nhân Ngư,Mỹ Nhân Ngư,chautinhtri,Châu Tinh Trì,https://helvid.com/play/index/16b2397d592c,phimle-master\chautinhtri\mynhanngu.html
tanvuahaikich,Tân Vua Hài Kịch,Tân Vua Hài Kịch,chautinhtri,Châu Tinh Trì,https://helvid.com/play/index/1bc276aed009,phimle-master\chautinhtri\tanvuahaikich.html
taydukiMoitinhngoaitruyen1,Tây Du - Hàng Ma Thiên,Tây Du - Hàng Ma Thiên,chautinhtri,Châu Tinh Trì,https://helvid.com/play/index/f1b975b5c894,phimle-master\chautinhtri\taydukiMoitinhngoaitruyen1.html
cj7,Siêu Khuyển Thần Thông,Siêu Khuyển Thần Thông,chautinhtri,Châu Tinh Trì,https://helvid.com/play/index/3637e3614ca7,phimle-master\chautinhtri\cj7.html
tuyetdinhkungfu,Tuyệt Đỉnh Kungfu,Tuyệt Đỉnh Kungfu,chautinhtri,Châu Tinh Trì,https://helvid.com/play/index/c752d58ab1d2,phimle-master\chautinhtri\tuyetdinhkungfu.html
doibongthieulam,Đội Bóng Thiếu Lâm,Đội Bóng Thiếu Lâm,chautinhtri,Châu Tinh Trì,https://helvid.com/play/index/ae7adb0b0c94,phimle-master\chautinhtri\doibongthieulam.html
bipvuong2000,Bịp Vương 2000,Bịp Vương 2000,chautinhtri,Châu Tinh Trì,https://helvid.com/play/index/328c5464e299,phimle-master\chautinhtri\bipvuong2000.html
vuahaikich,Vua Hài Kịch,Vua Hài Kịch,chautinhtri,Châu Tinh Trì,https://helvid.com/play/index/64ab4ab1cd89,phimle-master\chautinhtri\vuahaikich.html
hoangtubanhtrung,Hoàng Tử Bánh Trứng,Hoàng Tử Bánh Trứng,chautinhtri,Châu Tinh Trì,https://helvid.com/play/index/51156969b496,phimle-master\chautinhtri\hoangtubanhtrung.html
trangsuxaoquyet,Trạng Sư Trần Mộng Cát,Trạng Sư Trần Mộng Cát,chautinhtri,Châu Tinh Trì,https://helvid.com/play/index/2f87914d01e7,phimle-master\chautinhtri\trangsuxaoquyet.html
giahuuhysu1,Gia Hữu Hỷ Sự 1,Gia Hữu Hỷ Sự 1,chautinhtri,Châu Tinh Trì,https://helvid.com/play/index/731a185047d2,phimle-master\chautinhtri\giahuuhysu1.html
thanan,Thần Ăn,Thần Ăn,chautinhtri,Châu Tinh Trì,https://helvid.com/play/index/261cc925f85e,phimle-master\chautinhtri\thanan.html
dainoimattham,Đại Nội Mật Thám,Đại Nội Mật Thám,chautinhtri,Châu Tinh Trì,https://helvid.com/play/index/1c4103ee7075,phimle-master\chautinhtri\dainoimattham.html
chuyengiabatma,Chuyên Gia Bắt Ma,Chuyên Gia Bắt Ma,chautinhtri,Châu Tinh Trì,https://helvid.com/play/index/b0e2461769c7,phimle-master\chautinhtri\chuyengiabatma.html
bachbientinhquan,Bách Biến Tinh Quân,Bách Biến Tinh Quân,chautinhtri,Châu Tinh Trì,https://helvid.com/play/index/b532283f3bb7,phimle-master\chautinhtri\bachbientinhquan.html
tayduki1,Phần 1 - Nguyệt Quang Bảo Hợp,Phần 1 - Nguyệt Quang Bảo Hợp,chautinhtri,Châu Tinh Trì,https://helvid.com/play/index/31d73d3c8f58,phimle-master\chautinhtri\tayduki1.html
quocsan007,Quốc Sản 007,Quốc Sản 007,chautinhtri,Châu Tinh Trì,https://helvid.com/play/index/84e8d2b8a3aa,phimle-master\chautinhtri\quocsan007.html
vuphahoai,Vua Phá Hoại,Vua Phá Hoại,chautinhtri,Châu Tinh Trì,https://helvid.com/play/index/17322f16fad1,phimle-master\chautinhtri\vuphahoai.html
quanxamloccoc,Quan Xẩm Lốc Cốc,Quan Xẩm Lốc Cốc,chautinhtri,Châu Tinh Trì,https://helvid.com/play/index/1c40145ae304,phimle-master\chautinhtri\quanxamloccoc.html
duongbaho,Đường Bá Hổ Điểm Thu Hương,Đường Bá Hổ Điểm Thu Hương,chautinhtri,Châu Tinh Trì,https://helvid.com/play/index/83867fd69e11,phimle-master\chautinhtri\duongbaho.html
tecong,Tế Công,Tế Công,chautinhtri,Châu Tinh Trì,https://helvid.com/play/index/3f7602850bdb,phimle-master\chautinhtri\tecong.html
truonghocuylong1,Trường Học Uy Long 1,Trường Học Uy Long 1,chautinhtri,Châu Tinh Trì,https://helvid.com/play/index/7af33751c370,phimle-master\chautinhtri\truonghocuylong1.html
chomsaochieutu,Chòm Sao Chiếu Tử,Chòm Sao Chiếu Tử,chautinhtri,Châu Tinh Trì,https://helvid.com/play/index/0a2f63d14fdd,phimle-master\chautinhtri\chomsaochieutu.html
tokhatnhi,Trạng Nguyên Tô Khất Nhi,Trạng Nguyên Tô Khất Nhi,chautinhtri,Châu Tinh Trì,https://helvid.com/play/index/d115f26056ad,phimle-master\chautinhtri\tokhatnhi.html
xamxuquan,Xẩm Xử Quan,Xẩm Xử Quan,chautinhtri,Châu Tinh Trì,https://helvid.com/play/index/0a0614eb9333,phimle-master\chautinhtri\xamxuquan.html
tantinvomon1,Tân Tinh Võ Môn 1,Tân Tinh Võ Môn 1,chautinhtri,Châu Tinh Trì,https://helvid.com/play/index/e60a220c07c9,phimle-master\chautinhtri\tantinvomon1.html
locdinhky1,Phần 1 - Lộc Đỉnh Ký,Phần 1 - Lộc ĐỈnh Ký,chautinhtri,Châu Tinh Trì,https://helvid.com/play/index/82e64d50df1e,phimle-master\chautinhtri\locdinhky1.html
dothanh1,Đỗ Thánh 1,Đỗ Thánh 1,chautinhtri,Châu Tinh Trì,https://helvid.com/play/index/3b084e95fba3,phimle-master\chautinhtri\dothanh1.html
vuabida,Long Tích Truyền Nhân,Long Tích Truyền Nhân,chautinhtri,Châu Tinh Trì,https://helvid.com/play/index/efd3f78cc747,phimle-master\chautinhtri\vuabida.html
chuyengiaxaoquyet,Chuyên Gia Xảo Quyệt,Chuyên Gia Xảo Quyệt,chautinhtri,Châu Tinh Trì,https://helvid.com/play/index/7d6082aba6e6,phimle-master\chautinhtri\chuyengiaxaoquyet.html
tinhthanh,Tình Thánh,Tình Thánh,chautinhtri,Châu Tinh Trì,https://helvid.com/play/index/1d1c0678090f,phimle-master\chautinhtri\tinhthanh.html
vodichhanhvantinh,Vô Địch Vận Hạnh Tinh,Vô Địch Vận Hạnh Tinh,chautinhtri,Châu Tinh Trì,https://helvid.com/play/index/0b0ebbbce9dd,phimle-master\chautinhtri\vodichhanhvantinh.html
anhhungcuatoi,Anh Hùng Của Tôi,Anh Hùng Của Tôi,chautinhtri,Châu Tinh Trì,https://helvid.com/play/index/ef592eed64f3,phimle-master\chautinhtri\anhhungcuatoi.html
suhuynhtrungta,Sư Huynh Trúng Tà,Sư Huynh Trúng Tà,chautinhtri,Châu Tinh Trì,https://helvid.com/play/index/dc9a1decd79c,phimle-master\chautinhtri\suhuynhtrungta.html
voquytdaymongtaynhon,Vỏ Quýt Dày Có Móng Tay Nhọn,Vỏ Quýt Dày Có Móng Tay Nhọn,chautinhtri,Châu Tinh Trì,https://helvid.com/play/index/83dae477e0c6,phimle-master\chautinhtri\voquytdaymongtaynhon.html
nucobacbip,Nữ Cờ Bạc Bịp,Nữ Cờ Bạc Bịp,chautinhtri,Châu Tinh Trì,https://helvid.com/play/index/4e71ce495517,phimle-master\chautinhtri\nucobacbip.html
nguoimomong,Người Mơ Mộng,Người Mơ Mộng,chautinhtri,Châu Tinh Trì,https://helvid.com/play/index/bd58c75eeae6,phimle-master\chautinhtri\nguoimomong.html
tichvuongvothap,Tịch Vương Võ Thập,Tịch Vương Võ Thập,chautinhtri,Châu Tinh Trì,https://helvid.com/play/index/0f98c83c57e2,phimle-master\chautinhtri\tichvuongvothap.html
gianghomaule,Giang Hồ Máu Lệ,Giang Hồ Máu Lệ,chautinhtri,Châu Tinh Trì,https://helvid.com/play/index/e8e10ac96cc2,phimle-master\chautinhtri\gianghomaule.html
tralaulongphung,Trà Lầu Long Phụng,Trà Lầu Long Phụng,chautinhtri,Châu Tinh Trì,https://helvid.com/play/index/60b16222616a,phimle-master\chautinhtri\tralaulongphung.html
tinhyeuvacuocdoi,Tình Yêu và Cuộc Đời,Tình Yêu và Cuộc Đời,chautinhtri,Châu Tinh Trì,https://helvid.com/play/index/ec4d24df88b9,phimle-master\chautinhtri\tinhyeuvacuocdoi.html
rongquyetdau,Long Tại Thiên Nhai,Long Tại Thiên Nhai,chautinhtri,Châu Tinh Trì,https://helvid.com/play/index/4b9f275363ec,phimle-master\chautinhtri\rongquyetdau.html
nghiadamquananh,Nghĩa Đảm Quần Anh,Nghĩa Đảm Quần Anh,chautinhtri,Châu Tinh Trì,https://helvid.com/play/index/982ea64fa59b,phimle-master\chautinhtri\nghiadamquananh.html
thuhungsonglac,Thư Hùng Song Lạt 2,Thư Hùng Song Lạt 2,chautinhtri,Châu Tinh Trì,https://helvid.com/play/index/058b0bf63530,phimle-master\chautinhtri\thuhungsonglac.html
tinhanhthocao,Tình Anh Thợ Cạo,Tình Anh Thợ Cạo,chautinhtri,Châu Tinh Trì,https://helvid.com/play/index/2da7be587479,phimle-master\chautinhtri\tinhanhthocao.html
phanxetcuoicung,Phán Xét Cuối Cùng,Phán Xét Cuối Cùng,chautinhtri,Châu Tinh Trì,https://helvid.com/play/index/bef486d42357,phimle-master\chautinhtri\phanxetcuoicung.html
amduonggioi1,Âm Dương Giới 1987,Âm Dương Giới 1987,chautinhtri,Châu Tinh Trì,https://helvid.com/play/index/a83133c9c1dc,phimle-master\chautinhtri\amduonggioi1.html
canvetrungnamhai,Cận Vệ Trung Nam Hải,Cận Vệ Trung Nam Hải,lylienkiet,Lý Liên Kiệt,https://helvid.com/play/index/f2b7fa2169a2,phimle-master\lylienkiet\canvetrungnamhai.html
hachiep,Hắc Hiệp,Hắc Hiệp,lylienkiet,Lý Liên Kiệt,https://voe.sx/e/xldsvbmcnvrd,phimle-master\lylienkiet\hachiep.html
hoangphihong_tayvuchungsu,Hoàng Phi Hồng - Tây Vực Hùng Sư 1997,Hoàng Phi Hồng- Tây Vực Hùng Sư 1997,lylienkiet,Lý Liên Kiệt,https://helvid.com/play/index/ae04586aa9d3,phimle-master\lylienkiet\hoangphihong_tayvuchungsu.html
hoangphihong1,Hoàng Phi Hồng Phần 1,Hoàng Phi Hồng Phần 1,lylienkiet,Lý Liên Kiệt,https://player.vimeo.com/video/868362761,phimle-master\lylienkiet\hoangphihong1.html
honghyquan,Hồng Hy Quan,Hồng Hy Quan,lylienkiet,Lý Liên Kiệt,https://helvid.com/play/index/6cd1f0969a3f,phimle-master\lylienkiet\honghyquan.html
lathugoiphuthan,Lá Thư Gởi Cha,Lá Thư Gởi Cha,lylienkiet,Lý Liên Kiệt,https://helvid.com/play/index/c2e44683471c,phimle-master\lylienkiet\lathugoiphuthan.html
longhanhthienha,Lộng Hành Thiên Hạ,Lộng Hành Thiên Hạ,lylienkiet,Lý Liên Kiệt,https://helvid.com/play/index/1aee1468f601,phimle-master\lylienkiet\longhanhthienha.html
phuongthengoc1,Phương Thế Ngọc 1 1993,Phương Thế Ngọc 1993,lylienkiet,Lý Liên Kiệt,https://helvid.com/play/index/4c9385eb860a,phimle-master\lylienkiet\phuongthengoc1.html
rongquyetdau,Long Tại Thiên Nhai,Long Tại Thiên Nhai,lylienkiet,Lý Liên Kiệt,https://helvid.com/play/index/4b9f275363ec,phimle-master\lylienkiet\rongquyetdau.html
satthubavuong,Sát Thủ Bá Vương,Sát Thủ Bá Vương,lylienkiet,Lý Liên Kiệt,https://helvid.com/play/index/3f65c8011b5d,phimle-master\lylienkiet\satthubavuong.html
thaicuctruongtamphong,Thái Cực Trương Tam Phong 1993,Thái Cực Trương Tam Phong 1993,lylienkiet,Lý Liên Kiệt,https://helvid.com/play/index/88cdf1e4cfa3,phimle-master\lylienkiet\thaicuctruongtamphong.html
thankedaungocong,Thần Kê Đấu Ngô Công,Thần Kê Đấu Ngô Công,lylienkiet,Lý Liên Kiệt,https://voe.sx/e/3frc6z1lkcyh,phimle-master\lylienkiet\thankedaungocong.html
thieulamtieutu,Thiếu Lâm Tiểu Tử 1984,Thiếu Lâm Tiểu Tử 1984,lylienkiet,Lý Liên Kiệt,https://helvid.com/play/index/6012baa6bd2e,phimle-master\lylienkiet\thieulamtieutu.html
thieulamtu1982,Thiếu Lâm Tự 1982,Thiếu Lâm Tự 1982,lylienkiet,Lý Liên Kiệt,https://helvid.com/play/index/c29388672cfa,phimle-master\lylienkiet\thieulamtu1982.html
thudamuylong,Thử Đảm Uy Long,Thử Đảm Uy Long,lylienkiet,Lý Liên Kiệt,https://helvid.com/play/index/fc2bd18bcc86,phimle-master\lylienkiet\thudamuylong.html
tinvoanhhung,Tinh Võ Anh Hùng,Tinh Võ Anh Hùng,lylienkiet,Lý Liên Kiệt,https://voe.sx/e/zaji5xqcpkbf,phimle-master\lylienkiet\tinvoanhhung.html
tieungaogiangho,Tiếu Ngạo Giang Hồ,Tiếu Ngạo Giang Hồ,lylienkiet,Lý Liên Kiệt,https://helvid.com/play/index/53a99976e590,phimle-master\lylienkiet\tieungaogiangho.html
vuamaohiem,Vua Mạo Hiểm,Vua Mạo Hiểm,lylienkiet,Lý Liên Kiệt,https://helvid.com/play/index/05702e72ca8b,phimle-master\lylienkiet\vuamaohiem.html
ythiendolongky,Ỷ Thiên Đồ Long Ký 1993,Ỷ Thiên Đồ Long Ký 1993,lylienkiet,Lý Liên Kiệt,https://helvid.com/play/index/8b597389bc6b,phimle-master\lylienkiet\ythiendolongky.html
banlinhdanong,Bản Lĩnh Đàn Ông,Bản Lĩnh Đàn Ông,thanhlong,Thành Long,https://vk.com/video_ext.php?oid=834137738&id=456239170&hd=2,phimle-master\thanhlong\banlinhdanong.html
cauchuyencanhsat,Câu Chuyện Cảnh Sát,Câu Chuyện Cảnh Sát,thanhlong,Thành Long,https://helvid.com/play/index/28c7c4c31a91,phimle-master\thanhlong\cauchuyencanhsat.html
changtraitotbung,Chàng Trai Tốt Bụng,Chàng Trai Tốt Bụng,thanhlong,Thành Long,https://helvid.com/play/index/87a9240d9b14,phimle-master\thanhlong\changtraitotbung.html
daolua,Đảo Lửa,Đảo Lửa,thanhlong,Thành Long,https://helvid.com/play/index/4ba44cf9aaa3,phimle-master\thanhlong\daolua.html
ditimbaokiem,Đi Tìm Bảo Kiếm,Đi Tìm Bảo Kiếm,thanhlong,Thành Long,https://helvid.com/play/index/b1fa39867fbb,phimle-master\thanhlong\ditimbaokiem.html
hiepsythuonghai,Hiệp Sĩ Thượng Hải,Hiệp Sĩ Thượng Hải,thanhlong,Thành Long,https://helvid.com/play/index/a95dd32954f2,phimle-master\thanhlong\hiepsythuonghai.html
kehoacha1,Kế Hoạch A1,Kế Hoạch A1,thanhlong,Thành Long,https://helvid.com/play/index/46d2e9e78a33,phimle-master\thanhlong\kehoacha1.html
kehoachbaby,Kế Hoạch Baby,Kế Hoạch Baby,thanhlong,Thành Long,https://helvid.com/play/index/6f57ae535a08,phimle-master\thanhlong\kehoachbaby.html
kehoachphiung,Kế Hoạch Phi Ưng,Kế Hoạch Phi Ưng,thanhlong,Thành Long,https://helvid.com/play/index/fdcafd23d49e,phimle-master\thanhlong\kehoachphiung.html
kytich,Kỳ Tích,Kỳ Tích,thanhlong,Thành Long,https://helvid.com/play/index/6f6cd2dc8f03,phimle-master\thanhlong\kytich.html
longcongtu,Long Công Tử,Long Công Tử,thanhlong,Thành Long,https://helvid.com/play/index/6be8ea271433,phimle-master\thanhlong\longcongtu.html
ngoisaomaiman,Ngôi Sao Mai Mắn,Ngôi Sao Mai Mắn,thanhlong,Thành Long,https://helvid.com/play/index/88ef7318e932,phimle-master\thanhlong\ngoisaomaiman.html
phichlichhoa,Phích Lịch Hoả,Phích Lịch Hoả,thanhlong,Thành Long,https://helvid.com/play/index/f1dff3daae1e,phimle-master\thanhlong\phichlichhoa.html
phidoquyenvanson,Phi Độ Quyền Vân Sơn,Phi Độ Quyền,thanhlong,Thành Long,https://helvid.com/play/index/443141ba3749,phimle-master\thanhlong\phidoquyenvanson.html
rongbattu,Rồng Bất Tử,Rồng Bất Tử,thanhlong,Thành Long,https://vk.com/video_ext.php?oid=834137738&id=456239187&hd=2,phimle-master\thanhlong\rongbattu.html
rongsinhdoi,Rồng Sinh Đôi,Rồng Sinh Đôi,thanhlong,Thành Long,https://helvid.com/play/index/be46057d1f6d,phimle-master\thanhlong\rongsinhdoi.html
thosanthanhpho,Thợ Săn Thành Phố,Thợ Săn Thành Phố,thanhlong,Thành Long,https://helvid.com/play/index/5da4f1c76b7f,phimle-master\thanhlong\thosanthanhpho.html
toilaai,Tôi Là Ai,Tôi Là Ai,thanhlong,Thành Long,https://helvid.com/play/index/05187f8ebba3,phimle-master\thanhlong\toilaai.html
traitimcuarong,Trái Tim Của Rồng,Trái Tim Của Rồng,thanhlong,Thành Long,https://helvid.com/play/index/157292ad677e,phimle-master\thanhlong\traitimcuarong.html
truathuonghai,Thần Thoại,Thần Thoại,thanhlong,Thành Long,https://helvid.com/play/index/be46057d1f6d,phimle-master\thanhlong\truathuonghai.html
tuyquyen1,Tuý Quyền 1,Tuý Quyền,thanhlong,Thành Long,https://helvid.com/play/index/087644ec2997,phimle-master\thanhlong\tuyquyen1.html
xahinhdieuthu,Xà Hình Điêu Thủ,Xà Hình Điêu Thủ,thanhlong,Thành Long,https://helvid.com/play/index/008f6fa91540,phimle-master\thanhlong\xahinhdieuthu.html
chienlangtruyenthuyet,Chiến Lang Truyền Thuyết,Chiến Lang Truyền Thuyết,chungtudon,Chân Tử Đan,https://helvid.com/play/index/c482ad9df7e6,phimle-master\chungtudon\chienlangtruyenthuyet.html
daccanhachau,Đặc Cảnh Á Châu,Đặc Cảnh Á Châu,chungtudon,Chân Tử Đan,https://helvid.com/play/index/287553d1a0fb,phimle-master\chungtudon\daccanhachau.html
dongtienden,Đồng Tiền Đen,Đồng Tiền Đen,chungtudon,Chân Tử Đan,https://helvid.com/play/index/20f5b49ac8e9,phimle-master\chungtudon\dongtienden.html
duongsondaihuynh,Tân Đường Sơn Đại Huynh,Tân Đường Sơn Đại Huynh,chungtudon,Chân Tử Đan,https://helvid.com/play/index/5be2a77ce8d0,phimle-master\chungtudon\duongsondaihuynh.html
huyenthoaitranchan,Huyền Thoại Trần Chân,Huyền Thoại Trần Chân,chungtudon,Chân Tử Đan,https://helvid.com/play/index/53f6394b6ac4,phimle-master\chungtudon\huyenthoaitranchan.html
liepbaohanhdong,Liệp Báo Hành Động,Liệp Báo Hành Động,chungtudon,Chân Tử Đan,https://helvid.com/play/index/aa2f4431ee12,phimle-master\chungtudon\liepbaohanhdong.html
mahycuongphong,Mã Hí Cuồng Phong,Mã Hí Cuồng Phong,chungtudon,Chân Tử Đan,https://helvid.com/play/index/72120edee7ec,phimle-master\chungtudon\mahycuongphong.html
nohaiuylong,Nộ Hải Uy Long,Nộ Hải Uy Long,chungtudon,Chân Tử Đan,https://helvid.com/play/index/a70ed396452f,phimle-master\chungtudon\nohaiuylong.html
satphalang,Sát Phá Lang,Sát Phá Lang,chungtudon,Chân Tử Đan,https://helvid.com/play/index/259b00f7f01e,phimle-master\chungtudon\satphalang.html
tanlongmonkhachsan,Tân Long Môn Khách Sạn,Tân Long Môn Khách Sạn,chungtudon,Chân Tử Đan,https://helvid.com/play/index/6ea7310c20f9,phimle-master\chungtudon\tanlongmonkhachsan.html
thiethautu1,Thiết Hầu Tử 1993,Thiết Hầu Tử 1993,chungtudon,Chân Tử Đan,https://helvid.com/play/index/99812577f4f2,phimle-master\chungtudon\thiethautu1.html
thiethautu2,Thiết Hầu Tử 1996,Thiết Hầu Tử 1996,chungtudon,Chân Tử Đan,https://helvid.com/play/index/b92268973650,phimle-master\chungtudon\thiethautu2.html
tuyquyentokhatnhi,Tuý Quyền Tô Khất Nhi,Tuý Quyền Tô Khất Nhi,chungtudon,Chân Tử Đan,https://helvid.com/play/index/17ad5a7ca0ed,phimle-master\chungtudon\tuyquyentokhatnhi.html
vinhxuanquyen,Vịnh Xuân Quyền,Vịnh Xuân Quyền,chungtudon,Chân Tử Đan,https://helvid.com/play/index/40b3b5d5f97a,phimle-master\chungtudon\vinhxuanquyen.html
cuongthibiendi,Cương Thi Biến Dị,Cương Thi Biến Dị,lamchanhanh,Lâm Chánh Anh,https://helvid.com/play/index/9daddc201158,phimle-master\lamchanhanh\cuongthibiendi.html
cuongthidaumacarong,Cương Thi Đấu Ma Cà Rồng,Cương Thi Đấu Ma Cà Rồng,lamchanhanh,Lâm Chánh Anh,https://helvid.com/play/index/06f9970ec39b,phimle-master\lamchanhanh\cuongthidaumacarong.html
cuongthigiatoc,Cương Thi Gia Tộc,Cương Thi Gia Tộc,lamchanhanh,Lâm Chánh Anh,https://helvid.com/play/index/b782f1de1fd0,phimle-master\lamchanhanh\cuongthigiatoc.html
cuongthitiensinh,Cương Thi Tiên Sinh 1985,Cương Thi Tiên Sinh 1985,lamchanhanh,Lâm Chánh Anh,https://helvid.com/play/index/7ae9c9c50cdb,phimle-master\lamchanhanh\cuongthitiensinh.html
cuongthivatcuongthi1,Cương Thi Vật Cương Thi 1,Cương Thi Vật Cương Thi,lamchanhanh,Lâm Chánh Anh,https://helvid.com/play/index/e466fd51caac,phimle-master\lamchanhanh\cuongthivatcuongthi1.html
daccanhdietma,Đặc Cảnh Diệt Ma,Đặc Cảnh Diệt Ma,lamchanhanh,Lâm Chánh Anh,https://helvid.com/play/index/63a6bbfc8fd3,phimle-master\lamchanhanh\daccanhdietma.html
giatoccuongthi,Gia Tộc Cương Thi,Gia Tộc Cương Thi,lamchanhanh,Lâm Chánh Anh,https://helvid.com/play/index/1498b56bf9dd,phimle-master\lamchanhanh\giatoccuongthi.html
khumadaotruong,Khử ma Đạo Trưởng,Khử ma Đạo Trưởng,lamchanhanh,Lâm Chánh Anh,https://helvid.com/play/index/ab93eb11a8cd,phimle-master\lamchanhanh\khumadaotruong.html
macaychuoi,Ma Cây Chuối,Ma Cây Chuối,lamchanhanh,Lâm Chánh Anh,https://helvid.com/play/index/d1a101b9216d,phimle-master\lamchanhanh\macaychuoi.html
tanquynhaptrang,Tân Quỷ Nhập Tràng,Tân Quỷ Nhập Tràng,lamchanhanh,Lâm Chánh Anh,https://helvid.com/play/index/b175a86c9dbc,phimle-master\lamchanhanh\tanquynhaptrang.html
thiensubatma,Thiên Sứ Bắt Ma 3,Thiên Sứ Bắt Ma 3,lamchanhanh,Lâm Chánh Anh,https://helvid.com/play/index/1a30f6f21ee9,phimle-master\lamchanhanh\thiensubatma.html
gioithieu,Phim Thành Long,Phim Thành Long,daohaitac,One Piece Live Action,,phimle-master\daohaitac\gioithieu.html
tap1,Tập 1 - Bắt Đầu Chuyến Hải Hành,Tập 1 - Bắt Đầu Chuyến Hải Hành,daohaitac,One Piece Live Action,https://helvid.com/play/index/99f077470019,phimle-master\daohaitac\tap1.html
tap2,Tập 2 - Người Đội Mũ Rơm,Tập 2 - Người Đội Mũ Rơm,daohaitac,One Piece Live Action,https://helvid.com/play/index/27e61523abaa,phimle-master\daohaitac\tap2.html
tap3,Tập 3 - Không Hé Răng,Tập 3 - Không Hé Răng,daohaitac,One Piece Live Action,https://helvid.com/play/index/838fa8ce4bb3,phimle-master\daohaitac\tap3.html
tap4,Tập 4 - Hải Tặc Đang Đến,Tập 4-Hải Tặc Đang Đến,daohaitac,One Piece Live Action,https://helvid.com/play/index/bab0908fe8b4,phimle-master\daohaitac\tap4.html
tap5,Tập 5 - Ăn Tại Baratie,Tập 5 - Ăn Tại Baratie,daohaitac,One Piece Live Action,https://helvid.com/play/index/23e3bb6ff78c,phimle-master\daohaitac\tap5.html
tap6,Tập 6 - Bếp Trưởng Và Nhóc Giúp Việc,Tập 6 - Bếp Trưởng Và Nhóc Giúp Việc,daohaitac,One Piece Live Action,https://helvid.com/play/index/829934deaf3b,phimle-master\daohaitac\tap6.html
tap7,Tập 7 - Cô Gái Có Hình Xăm,Tập 7 - Cô Gái Có Hình Xăm,daohaitac,One Piece Live Action,https://helvid.com/play/index/c80f8b6b1f5f,phimle-master\daohaitac\tap7.html
tap8,Tập 8 - Điều Tồi Tệ Nhất Phía Đông,Tập 8 - Điều Tồi Tệ Nhất Phía Đông,daohaitac,One Piece Live Action,https://helvid.com/play/index/dc500c496bf8,phimle-master\daohaitac\tap8.html
bacsicuunon,Bác Sĩ Cừu Non,Bác Sĩ Cừu Non,capba,Phim 18+,https://voe.sx/e/uxsl3fml82dp,phimle-master\capba\bacsicuunon.html
bimatchotinh,Bí Mật Chợ Tình,Bí Mật Chợ Tình,capba,Phim 18+,https://voe.sx/e/exlh4bci0bl9,phimle-master\capba\bimatchotinh.html
canphongphiatay,Căn Phòng Phía Tây,Căn Phòng Phía Tây,capba,Phim 18+,https://voe.sx/e/eptzxawcf6wd,phimle-master\capba\canphongphiatay.html
chungculiepsat,Chung Cư Liệp Sát,Chung Cư Liệp Sát,capba,Phim 18+,https://voe.sx/e/biwti2furdg7,phimle-master\capba\chungculiepsat.html
cucdothutinh,Cực Độ Thú Tính,Cực Độ Thú Tính,capba,Phim 18+,https://voe.sx/e/ttzg7knxp3jd,phimle-master\capba\cucdothutinh.html
dietmonthaman1,Diệt Môn Thảm Án 1,Diệt Môn Thảm Án,capba,Phim 18+,https://voe.sx/e/mk3h1peqivtq,phimle-master\capba\dietmonthaman1.html
honmatraitunu,Hồn Ma Trại Tù Nữ,Hồn Ma Trại Tù Nữ,capba,Phim 18+,https://voe.sx/e/by2swvtrty3z,phimle-master\capba\honmatraitunu.html
khatkhaothamkin,Khát Khao Thầm Kín,Khát Khao Thầm Kín,capba,Phim 18+,https://voe.sx/e/e5ehddfuw6w3,phimle-master\capba\khatkhaothamkin.html
khitraidaochin,Khi Trái Đào Chín,Khi Trái Đào Chín,capba,Phim 18+,https://voe.sx/e/rmaurmsyjswc,phimle-master\capba\khitraidaochin.html
kimbinhmai2008,Kim Bình Mai 2008,Kim Bình Mai 2008,capba,Phim 18+,https://voe.sx/e/reuaejasq0f6,phimle-master\capba\kimbinhmai2008.html
kimbinhmai1,Kim Bình Mai,Kim Bình Mai,capba,Phim 18+,https://voe.sx/e/aq5dhdkdudjw,phimle-master\capba\kimbinhmai1.html
kimbinhphongnguyet,Kim Bình Phong Nguyệt,Kim Bình Phong Nguyệt,capba,Phim 18+,https://voe.sx/e/pzmkmkeybdpb,phimle-master\capba\kimbinhphongnguyet.html
kimbinhsongdiem,Kim Bình Song Diễm,Kim Bình Song Diễm,capba,Phim 18+,https://voe.sx/e/u2mxnk7h6tog,phimle-master\capba\kimbinhsongdiem.html
lieutraichidi1,Liêu Trai Chí Dị 1,Liêu Trai Chí Dị 1,capba,Phim 18+,https://voe.sx/e/l68t2rcvk1u7,phimle-master\capba\lieutraichidi1.html
mynhannguoimay,Mỹ Nhân Người Máy,Mỹ Nhân Người Máy,capba,Phim 18+,https://voe.sx/e/3pv0w1ul4r6q,phimle-master\capba\mynhannguoimay.html
namduongthapdaitathuat,Nam Dương Thập Đại Tà Thuật,Nam Dương Thập Đại Tà Thuật,capba,Phim 18+,https://voe.sx/e/481hrwcdyb32,phimle-master\capba\namduongthapdaitathuat.html
nhucbodoan3dainoimattham,Nhục Bồ Đoàn 3 Đại Nội Mật Thám,Nhục Bồ Đoàn 3 Đại Nội Mật Thám,capba,Phim 18+,https://voe.sx/e/ujsnt4tck3y0,phimle-master\capba\nhucbodoan3dainoimattham.html
nhucbodoan1987,Nhục Bồ Đoàn 1987,Nhục Bồ Đoàn 1987,capba,Phim 18+,https://voe.sx/e/03vvdchc1wzo,phimle-master\capba\nhucbodoan1987.html
nhucbodoan1991,Nhục Bồ Đoàn 1991,Nhục Bồ Đoàn 1991,capba,Phim 18+,https://voe.sx/e/8lhm0q6hdhqu,phimle-master\capba\nhucbodoan1991.html
nhucbodoan1996,Nhục Bồ Đoàn 1996,Nhục Bồ Đoàn 1996,capba,Phim 18+,https://voe.sx/e/325tzfzvnvxj,phimle-master\capba\nhucbodoan1996.html
nutubinh,Nữ Tù Bình,Nữ Tù Bình,capba,Phim 18+,https://voe.sx/e/rmaurmsyjswc,phimle-master\capba\nutubinh.html
phanhongnhan,Phận Hồng Nhan,Phận Hồng Nhan,capba,Phim 18+,https://voe.sx/e/eroj1qwrbtdt,phimle-master\capba\phanhongnhan.html
phankimliendiban,Phan Kim Liên Dị Bản,Phan Kim Liên Dị Bản,capba,Phim 18+,https://voe.sx/e/myooboehlf1z,phimle-master\capba\phankimliendiban.html
thanhcung13trieu,Thanh Cung 13 Triều,Thanh Cung 13 Triều,capba,Phim 18+,https://voe.sx/e/cu3sbdiuziye,phimle-master\capba\thanhcung13trieu.html
thieunuphankimlien,Thiếu Nữ Phan Kim Liên,Thiếu Nữ Phan Kim Liên,capba,Phim 18+,https://voe.sx/e/zllnudvfi26h,phimle-master\capba\thieunuphankimlien.html
thuyhutruyenanhhunghaosac,Thuỷ Hử Truyện Anh Hùng Háo Sắc,Thuỷ Hử Truyện Anh Hùng Háo Sắc,capba,Phim 18+,https://voe.sx/e/y5butwsqvgbr,phimle-master\capba\thuyhutruyenanhhunghaosac.html
tientraochaomuc,Tiền Trao Cháo Múc,Tiền Trao Cháo Múc,capba,Phim 18+,https://voe.sx/e/lxmekxynzvvk,phimle-master\capba\tientraochaomuc.html
tinhngaydai,Tình Ngây Dại,Tình Ngây Dại,capba,Phim 18+,https://helvid.com/play/index/cfc40d76ba33,phimle-master\capba\tinhngaydai.html
traichinthihai,Trái Chín Thì Hái,Trái Chín Thì Hái,capba,Phim 18+,https://voe.sx/e/4xnmsehoe4b1,phimle-master\capba\traichinthihai.html
spiderman1,Người Nhện 2002,Người Nhện Tobey Maguire,tonghop,Tổng Hợp,https://helvid.com/play/index/63ca5cf02c32,phimle-master\tonghop\spiderman1.html
conan26tm,Conan Tàu Ngầm Sắt Màu Đen,Conan Tàu Ngầm Sắt Màu Đen,tonghop,Tổng Hợp,https://helvid.com/play/index/88192fe1e0ec,phimle-master\tonghop\conan26tm.html
anhhungbansac3,Anh Hùng bản Sắc 3,Anh Hùng bản Sắc 3,tonghop,Tổng Hợp,https://helvid.com/play/index/30eb85f26e48,phimle-master\tonghop\anhhungbansac3.html
changiauylong,Chân Giả Uy Long,Chân Giả Uy Long,tonghop,Tổng Hợp,https://helvid.com/play/index/17fa8f61af4c,phimle-master\tonghop\changiauylong.html
chienbinhhoanggia,Chiến Binh Hoàng Gia,Chiến Binh Hoàng Gia,tonghop,Tổng Hợp,https://streamtape.com/e/dRkyPAd3yGTko01/,phimle-master\tonghop\chienbinhhoanggia.html
chienthantruyenthuyet,Lạt Thủ Thần Thám,Lạt Thủ Thần Thám,tonghop,Tổng Hợp,https://helvid.com/play/index/c9f778d95d57,phimle-master\tonghop\chienthantruyenthuyet.html
daimauhiemgia,Đại Mạo Hiểm Gia,Đại Mạo Hiểm Gia,tonghop,Tổng Hợp,https://helvid.com/play/index/71a9c475a811,phimle-master\tonghop\daimauhiemgia.html
duongsondaihuynh,Đường Sơn Đại Huynh,Đường Sơn Đại Huynh,tonghop,Tổng Hợp,https://helvid.com/play/index/66e4b234e624,phimle-master\tonghop\duongsondaihuynh.html
gianghotamhiep,Giang Hồ Tam Hiệp,Giang Hồ Tam Hiệp,tonghop,Tổng Hợp,https://helvid.com/play/index/516107185e7e,phimle-master\tonghop\gianghotamhiep.html
giotmaucuoicung,Giọt Máu Cuối Cùng,Giọt Máu Cuối Cùng,tonghop,Tổng Hợp,https://helvid.com/play/index/3883dcf5bd83,phimle-master\tonghop\giotmaucuoicung.html
hacmieu,Hắc Miêu,Hắc Miêu,tonghop,Tổng Hợp,https://voe.sx/e/sneeldcujn9o,phimle-master\tonghop\hacmieu.html
hoanggiasuty,Hoàng Gia Sư Tỉ,Hoàng Gia Sư Tỉ,tonghop,Tổng Hợp,https://helvid.com/play/index/c7e906ef8747,phimle-master\tonghop\hoanggiasuty.html
honghyquan,Hồng Hy Quan,Hồng Hy Quan,tonghop,Tổng Hợp,https://helvid.com/play/index/3f148ec20007,phimle-master\tonghop\honghyquan.html
hongtruongphilong,Hồng Trường Phi Long,Hồng Trường Phi Long,tonghop,Tổng Hợp,https://helvid.com/play/index/8d2c7ada8d21,phimle-master\tonghop\hongtruongphilong.html
khachsanhoabinh,Khách Sạn Hoà Bình,Khách Sạn Hoà Bình,tonghop,Tổng Hợp,https://helvid.com/play/index/549be2c942db,phimle-master\tonghop\khachsanhoabinh.html
laohoxuatsoa,Lão Hổ Xuất Soa,Lão Hổ Xuất Soa,tonghop,Tổng Hợp,https://helvid.com/play/index/102a85e25e6a,phimle-master\tonghop\laohoxuatsoa.html
latmat6,Lật Mặt 6,Lật Mặt 6,tonghop,Tổng Hợp,https://helvid.com/play/index/e43b7e2b3a44,phimle-master\tonghop\latmat6.html
latthuthantham,Lạt Thủ Thần Thám,Lạt Thủ Thần Thám,tonghop,Tổng Hợp,https://helvid.com/play/index/17fa8f61af4c,phimle-master\tonghop\latthuthantham.html
longdendanguoi,Lồng Đèn Da Người,Lồng Đèn Da Người,tonghop,Tổng Hợp,https://helvid.com/play/index/1aa37116900d,phimle-master\tonghop\longdendanguoi.html
lucchicamma,Lục Chỉ Cầm Ma,Lục Chỉ Cầm Ma,tonghop,Tổng Hợp,https://helvid.com/play/index/54b192b47999,phimle-master\tonghop\lucchicamma.html
lucvuong,Lực Vương,Lực Vương,tonghop,Tổng Hợp,https://helvid.com/play/index/8f47b2a81309,phimle-master\tonghop\lucvuong.html
manhlongquagiang,Mãnh Long Quá Giang,Mãnh Long Quá Giang,tonghop,Tổng Hợp,https://helvid.com/play/index/5ea5ece3ab97,phimle-master\tonghop\manhlongquagiang.html
nghiacaivanthien,Nghĩa Cái Vân Thiên,Nghĩa Cái Vân Thiên,tonghop,Tổng Hợp,https://helvid.com/play/index/be1ab5316dbd,phimle-master\tonghop\nghiacaivanthien.html
nguctumanhlong,Ngục Tù Mãnh Long,Ngục Tù Mãnh Long,tonghop,Tổng Hợp,https://helvid.com/play/index/f4e6ebf2cbc8,phimle-master\tonghop\nguctumanhlong.html
phiungphuongdong,Phi Ưng Phương Đông,Phi Ưng Phương Đông,tonghop,Tổng Hợp,https://voe.sx/e/iofknsjnhim4,phimle-master\tonghop\phiungphuongdong.html
quyetchienthucthan,Quyết Chiến Thực Thần,Quyết Chiến Thực Thần,tonghop,Tổng Hợp,https://helvid.com/play/index/d4b704772267,phimle-master\tonghop\quyetchienthucthan.html
tanbichhuyetkiem,Tân Bích Huyết Kiếm,Tân Bích Huyết Kiếm,tonghop,Tổng Hợp,https://helvid.com/play/index/0a2ea0b3f785,phimle-master\tonghop\tanbichhuyetkiem.html
tanolongvien1,Tân Ô Long Viện 1,Tân Ô Long Viện,tonghop,Tổng Hợp,https://www.dailymotion.com/embed/video/x8jvcvw?autoplay=1,phimle-master\tonghop\tanolongvien1.html
tanthandieuhieplu,Tân Thần Điêu Hiệp Lữ,Tân Thần Điêu Hiệp Lữ,tonghop,Tổng Hợp,https://helvid.com/play/index/c76b02545572,phimle-master\tonghop\tanthandieuhieplu.html
thaicucquyen,Thái Cực Quyền,Thái Cực Quyền,tonghop,Tổng Hợp,https://helvid.com/play/index/6ce7c4cf008e,phimle-master\tonghop\thaicucquyen.html
thankinhdaophithienmieu,Thần Kinh Đao Và Phi Thiên Miêu,Thần Kinh Đao Và Phi Thiên Miêu,tonghop,Tổng Hợp,https://helvid.com/play/index/cbf99dbfc86f,phimle-master\tonghop\thankinhdaophithienmieu.html
thaphuynhde,Thập Huynh Đệ,Thập Huynh Đệ,tonghop,Tổng Hợp,https://helvid.com/play/index/f01e599e880b,phimle-master\tonghop\thaphuynhde.html
thaptuvong,Tháp Tử Vong,Tháp Tử Vong,tonghop,Tổng Hợp,https://helvid.com/play/index/a4d59e5d43ea,phimle-master\tonghop\thaptuvong.html
thiennuuhon1,Thiện Nữ U Hồn 1,Thiện Nữ U Hồn 1,tonghop,Tổng Hợp,https://www.dailymotion.com/embed/video/x8j2v8z?autoplay=1,phimle-master\tonghop\thiennuuhon1.html
thuongdecungphaicuoi1,Thượng Đế Cũng Phải Cười 1,Thượng Đế Cũng Phải Cười,tonghop,Tổng Hợp,https://helvid.com/play/index/acc4d9333236,phimle-master\tonghop\thuongdecungphaicuoi1.html
truonghocbavuong,Trường Học Bá Vương,Trường Học Bá Vương,tonghop,Tổng Hợp,https://helvid.com/play/index/20450bb72644,phimle-master\tonghop\truonghocbavuong.html
vanvotrangnguyen,Văn Võ Trạng Nguyên,Văn Võ Trạng Nguyên,tonghop,Tổng Hợp,https://helvid.com/play/index/ca1d2d99fbbc,phimle-master\tonghop\vanvotrangnguyen.html
vetulynguyenchanhiep,Vệ Tư Lý - Nguyên Chấn Hiệp Sub,Vệ Tư Lý - Nguyên Chấn Hiệp Sub,tonghop,Tổng Hợp,https://voe.sx/e/oa5i5y4u65nf,phimle-master\tonghop\vetulynguyenchanhiep.html
vothathiepcongchua,Võ Thất Hiệp Công Chúa,Võ Thất Hiệp Công Chúa,tonghop,Tổng Hợp,https://helvid.com/play/index/6b235f0f1235,phimle-master\tonghop\vothathiepcongchua.html