id,title,originalTitle,category,videoLink,filePath
pvctt,Phỏng Vấn Tinh Gia 2004,Phỏng Vấn Tinh Gia 2004,chautinhtri,https://helvid.com/play/index/00e1c83f3b75,phimle-master\chautinhtri\pvctt.html
cscb1,Cuộc Sống Công Bằng,Cuộc Sống Công Bằng,chautinhtri,https://helvid.com/play/index/c7a2a4807604,phimle-master\chautinhtri\cscb1.html
hauvuong,Hầu Vương – The Monkey King,Hầu Vương,chautinhtri,https://helvid.com/play/index/4130f3c457a1,phimle-master\chautinhtri\hauvuong.html
taydukiMoitinhngoaitruyen2,Tây Du - Phục Ma Thiên,Tây Du - Phục Ma Thiên,chautinhtri,https://helvid.com/play/index/2ea134250009,phimle-master\chautinhtri\taydukiMoitinhngoaitruyen2.html
mynhanngu,Mỹ Nhân Ngư,Mỹ Nhân Ngư,chautinhtri,https://helvid.com/play/index/16b2397d592c,phimle-master\chautinhtri\mynhanngu.html
tanvuahaikich,Tân Vua Hài Kịch,Tân Vua Hài Kịch,chautinhtri,https://helvid.com/play/index/1bc276aed009,phimle-master\chautinhtri\tanvuahaikich.html
taydukiMoitinhngoaitruyen1,Tây Du - Hàng Ma Thiên,Tây Du - Hàng Ma Thiên,chautinhtri,https://helvid.com/play/index/f1b975b5c894,phimle-master\chautinhtri\taydukiMoitinhngoaitruyen1.html
cj7,Siêu Khuyển Thần Thông,Siêu Khuyển Thần Thông,chautinhtri,https://helvid.com/play/index/3637e3614ca7,phimle-master\chautinhtri\cj7.html
tuyetdinhkungfu,Tuyệt Đỉnh Kungfu,Tuyệt Đỉnh Kungfu,chautinhtri,https://helvid.com/play/index/c752d58ab1d2,phimle-master\chautinhtri\tuyetdinhkungfu.html
doibongthieulam,Đội Bóng Thiếu Lâm,Đội Bóng Thiếu Lâm,chautinhtri,https://helvid.com/play/index/ae7adb0b0c94,phimle-master\chautinhtri\doibongthieulam.html
bipvuong2000,Bịp Vương 2000,Bịp Vương 2000,chautinhtri,https://helvid.com/play/index/328c5464e299,phimle-master\chautinhtri\bipvuong2000.html
vuahaikich,Vua Hài Kịch,Vua Hài Kịch,chautinhtri,https://helvid.com/play/index/64ab4ab1cd89,phimle-master\chautinhtri\vuahaikich.html
hoangtubanhtrung,Hoàng Tử Bánh Trứng,Hoàng Tử Bánh Trứng,chautinhtri,https://helvid.com/play/index/51156969b496,phimle-master\chautinhtri\hoangtubanhtrung.html
trangsuxaoquyet,Trạng Sư Trần Mộng Cát,Trạng Sư Trần Mộng Cát,chautinhtri,https://helvid.com/play/index/2f87914d01e7,phimle-master\chautinhtri\trangsuxaoquyet.html
giahuuhysu1,Gia Hữu Hỷ Sự 1,Gia Hữu Hỷ Sự 1,chautinhtri,https://helvid.com/play/index/731a185047d2,phimle-master\chautinhtri\giahuuhysu1.html
thanan,Thần Ăn,Thần Ăn,chautinhtri,https://helvid.com/play/index/261cc925f85e,phimle-master\chautinhtri\thanan.html
dainoimattham,Đại Nội Mật Thám,Đại Nội Mật Thám,chautinhtri,https://helvid.com/play/index/1c4103ee7075,phimle-master\chautinhtri\dainoimattham.html
chuyengiabatma,Chuyên Gia Bắt Ma,Chuyên Gia Bắt Ma,chautinhtri,https://helvid.com/play/index/b0e2461769c7,phimle-master\chautinhtri\chuyengiabatma.html
bachbientinhquan,Bách Biến Tinh Quân,Bách Biến Tinh Quân,chautinhtri,https://helvid.com/play/index/b532283f3bb7,phimle-master\chautinhtri\bachbientinhquan.html
tayduki1,Phần 1 - Nguyệt Quang Bảo Hợp,Phần 1 - Nguyệt Quang Bảo Hợp,chautinhtri,https://helvid.com/play/index/31d73d3c8f58,phimle-master\chautinhtri\tayduki1.html
quocsan007,Quốc Sản 007,Quốc Sản 007,chautinhtri,https://helvid.com/play/index/84e8d2b8a3aa,phimle-master\chautinhtri\quocsan007.html
vuphahoai,Vua Phá Hoại,Vua Phá Hoại,chautinhtri,https://helvid.com/play/index/17322f16fad1,phimle-master\chautinhtri\vuphahoai.html
quanxamloccoc,Quan Xẩm Lốc Cốc,Quan Xẩm Lốc Cốc,chautinhtri,https://helvid.com/play/index/1c40145ae304,phimle-master\chautinhtri\quanxamloccoc.html
duongbaho,Đường Bá Hổ Điểm Thu Hương,Đường Bá Hổ Điểm Thu Hương,chautinhtri,https://helvid.com/play/index/83867fd69e11,phimle-master\chautinhtri\duongbaho.html
tecong,Tế Công,Tế Công,chautinhtri,https://helvid.com/play/index/3f7602850bdb,phimle-master\chautinhtri\tecong.html
truonghocuylong1,Trường Học Uy Long 1,Trường Học Uy Long 1,chautinhtri,https://helvid.com/play/index/7af33751c370,phimle-master\chautinhtri\truonghocuylong1.html
chomsaochieutu,Chòm Sao Chiếu Tử,Chòm Sao Chiếu Tử,chautinhtri,https://helvid.com/play/index/0a2f63d14fdd,phimle-master\chautinhtri\chomsaochieutu.html
tokhatnhi,Trạng Nguyên Tô Khất Nhi,Trạng Nguyên Tô Khất Nhi,chautinhtri,https://helvid.com/play/index/d115f26056ad,phimle-master\chautinhtri\tokhatnhi.html
xamxuquan,Xẩm Xử Quan,Xẩm Xử Quan,chautinhtri,https://helvid.com/play/index/0a0614eb9333,phimle-master\chautinhtri\xamxuquan.html
tantinvomon1,Tân Tinh Võ Môn 1,Tân Tinh Võ Môn 1,chautinhtri,https://helvid.com/play/index/e60a220c07c9,phimle-master\chautinhtri\tantinvomon1.html
locdinhky1,Phần 1 - Lộc Đỉnh Ký,Phần 1 - Lộc ĐỈnh Ký,chautinhtri,https://helvid.com/play/index/82e64d50df1e,phimle-master\chautinhtri\locdinhky1.html
dothanh1,Đỗ Thánh 1,Đỗ Thánh 1,chautinhtri,https://helvid.com/play/index/3b084e95fba3,phimle-master\chautinhtri\dothanh1.html
vuabida,Long Tích Truyền Nhân,Long Tích Truyền Nhân,chautinhtri,https://helvid.com/play/index/efd3f78cc747,phimle-master\chautinhtri\vuabida.html
chuyengiaxaoquyet,Chuyên Gia Xảo Quyệt,Chuyên Gia Xảo Quyệt,chautinhtri,https://helvid.com/play/index/7d6082aba6e6,phimle-master\chautinhtri\chuyengiaxaoquyet.html
tinhthanh,Tình Thánh,Tình Thánh,chautinhtri,https://helvid.com/play/index/1d1c0678090f,phimle-master\chautinhtri\tinhthanh.html
vodichhanhvantinh,Vô Địch Vận Hạnh Tinh,Vô Địch Vận Hạnh Tinh,chautinhtri,https://helvid.com/play/index/0b0ebbbce9dd,phimle-master\chautinhtri\vodichhanhvantinh.html
anhhungcuatoi,Anh Hùng Của Tôi,Anh Hùng Của Tôi,chautinhtri,https://helvid.com/play/index/ef592eed64f3,phimle-master\chautinhtri\anhhungcuatoi.html
suhuynhtrungta,Sư Huynh Trúng Tà,Sư Huynh Trúng Tà,chautinhtri,https://helvid.com/play/index/dc9a1decd79c,phimle-master\chautinhtri\suhuynhtrungta.html
voquytdaymongtaynhon,Vỏ Quýt Dày Có Móng Tay Nhọn,Vỏ Quýt Dày Có Móng Tay Nhọn,chautinhtri,https://helvid.com/play/index/83dae477e0c6,phimle-master\chautinhtri\voquytdaymongtaynhon.html
nucobacbip,Nữ Cờ Bạc Bịp,Nữ Cờ Bạc Bịp,chautinhtri,https://helvid.com/play/index/4e71ce495517,phimle-master\chautinhtri\nucobacbip.html
nguoimomong,Người Mơ Mộng,Người Mơ Mộng,chautinhtri,https://helvid.com/play/index/bd58c75eeae6,phimle-master\chautinhtri\nguoimomong.html
tichvuongvothap,Tịch Vương Võ Thập,Tịch Vương Võ Thập,chautinhtri,https://helvid.com/play/index/0f98c83c57e2,phimle-master\chautinhtri\tichvuongvothap.html
gianghomaule,Giang Hồ Máu Lệ,Giang Hồ Máu Lệ,chautinhtri,https://helvid.com/play/index/e8e10ac96cc2,phimle-master\chautinhtri\gianghomaule.html
tralaulongphung,Trà Lầu Long Phụng,Trà Lầu Long Phụng,chautinhtri,https://helvid.com/play/index/60b16222616a,phimle-master\chautinhtri\tralaulongphung.html
tinhyeuvacuocdoi,Tình Yêu và Cuộc Đời,Tình Yêu và Cuộc Đời,chautinhtri,https://helvid.com/play/index/ec4d24df88b9,phimle-master\chautinhtri\tinhyeuvacuocdoi.html
rongquyetdau,Long Tại Thiên Nhai,Long Tại Thiên Nhai,chautinhtri,https://helvid.com/play/index/4b9f275363ec,phimle-master\chautinhtri\rongquyetdau.html
nghiadamquananh,Nghĩa Đảm Quần Anh,Nghĩa Đảm Quần Anh,chautinhtri,https://helvid.com/play/index/982ea64fa59b,phimle-master\chautinhtri\nghiadamquananh.html
thuhungsonglac,Thư Hùng Song Lạt 2,Thư Hùng Song Lạt 2,chautinhtri,https://helvid.com/play/index/058b0bf63530,phimle-master\chautinhtri\thuhungsonglac.html
tinhanhthocao,Tình Anh Thợ Cạo,Tình Anh Thợ Cạo,chautinhtri,https://helvid.com/play/index/2da7be587479,phimle-master\chautinhtri\tinhanhthocao.html
phanxetcuoicung,Phán Xét Cuối Cùng,Phán Xét Cuối Cùng,chautinhtri,https://helvid.com/play/index/bef486d42357,phimle-master\chautinhtri\phanxetcuoicung.html
amduonggioi1,Âm Dương Giới 1987,Âm Dương Giới 1987,chautinhtri,https://helvid.com/play/index/a83133c9c1dc,phimle-master\chautinhtri\amduonggioi1.html